"id,""name"",""url"",""ESG"",""E"",""S"",""G"""
"12,""serenitysource"",""https://icomarks.com/ico/serenity-source"","""","""","""","""""
"20,""UCOIN"",""https://icomarks.com/ico/ucoin-currency"","""","""","""","""""
"24,""CINEMADROM (PreICO)"",""https://icomarks.com/ico/CINEMADROM"","""","""","""","""""
"44,""QuickX Protocol"",""https://icomarks.com/ico/quick"","""","""","""","""""
"54,""Connecty.io"",""https://icomarks.com/ico/connecty-io"","""","""","""","""""
"55,""Crypto APIs"",""https://icomarks.com/blockchain/crypto-apis"","""","""","""","""""
"56,""CRYSTALS"",""https://icomarks.com/ico/bitcrystals"","""","""","""","""""
"60,""EverLife.AI"",""https://icomarks.com/ico/everlife-ai"","""","""","""","""""
"74,""PearlPay"",""https://icomarks.com/ico/pearl-finance"","""","""","""","""""
"86,""Urbit Data"",""https://icomarks.com/ico/Urbit"","""","""","""","""""
"92,""Bamboo (Wellness)"",""https://icomarks.com/ico/BamboO"","""","""","""","""""
"112,""NOIA Network"",""https://icomarks.com/ico/Syntropy"","""","""","""","""""
"125,""ArcadierX"",""https://icomarks.com/ico/Arcadier-X"","""","""","""","""""
"133,""Casper API"",""https://icomarks.com/ico/casper"","""","""","""","""""
"147,""EyeGlob.Net"",""https://icomarks.com/ico/EyeGlob-Net"","""","""","""","""""
"149,""Galion.io"",""https://icomarks.com/ico/Galion-io"","""","""","""","""""
"177,""WorkChain.io"",""https://icomarks.com/ico/WorkChain"","""","""","""","""""
"179,""433token"",""https://icomarks.com/ico/433"","""","""","""","""""
"186,""CargoConX"",""https://icomarks.com/ico/cargox"","""","""","""","""""
"190,""Dapp.com"",""https://icomarks.com/ico/Dapp-com"","""","""","""","""""
"204,""ICOIN IEO"",""https://icomarks.com/ico/ICOIN"","""","""","""","""""
"217,""Sentigraph.io"",""https://icomarks.com/ico/Sentigraph-io"","""","""","""","""""
"252,""Aluna.Social"",""https://icomarks.com/ico/AlunaSocial"","""","""","""","""""
"272,""Job.com"",""https://icomarks.com/ico/Job-com"","""","""","""","""""
"301,""Allabout.me"",""https://icomarks.com/ico/AllabouT-ME"","""","""","""","""""
"327,""LocalAgro"",""https://icomarks.com/ico/local-agro"","""","""","""","""""
"329,""MEDIAR"",""https://icomarks.com/ieo/mediarich-io"","""","""","""","""""
"344,""Space.Cloud.Unit"",""https://icomarks.com/ico/space-cloud-unit"","""","""","""","""""
"364,""Emirex Token"",""https://icomarks.com/ico/Emirex"","""","""","""","""""
"370,""Hearo.fm"",""https://icomarks.com/ico/Hearo-fm"","""","""","""","""""
"377,""Land LayBy Listing Project"",""https://icomarks.com/ico/Land-LayBy"","""","""","""","""""
"412,""AIRSTAYZâ„¢"",""https://icomarks.com/ico/airstayz"","""","""","""","""""
"426,""Cornucopia.io"",""https://icomarks.com/ico/cornucopia-io-just-priority-listing"","""","""","""","""""
"428,""Creator.ai"",""https://icomarks.com/ico/Creator-AI"","""","""","""","""""
"446,""Kinguin.io"",""https://icomarks.com/ico/kinguin-io"","""","""","""","""""
"476,""SNTX IEO"",""https://icomarks.com/ico/SNTX"","""","""","""","""""
"483,""Truegym"",""https://icomarks.com/ico/true-gym-coin"","""","""","""","""""
"495,""Alluma.io"",""https://icomarks.com/ico/Alluma-IO"","""","""","""","""""
"499,""ARCH CRYPTON"",""https://icomarks.com/ieo/arch-crypton-game"","""","""","""","""""
"503,""Baltic.fund"",""https://icomarks.com/ico/Baltic-fund"","""","""","""","""""
"527,""Elige.re"",""https://icomarks.com/ico/EligeRE"","""","""","""","""""
"541,""Ink Labs Foundation"",""https://icomarks.com/ico/ink-labs-foundation-preico"","""","""","""","""""
"562,""REVOIL"",""https://icomarks.com/ieo/revoil-preico"","""","""","""","""""
"570,""The Power"",""https://icomarks.com/ico/Power"","""","""","""","""""
"610,""Etheracoin"",""https://icomarks.com/ico/ethera-coin"","""","""","""","""""
"631,""Mom.life"",""https://icomarks.com/ico/Mom-life"","""","""","""","""""
"646,""Procurean"",""https://icomarks.com/ico/procurean-network"","""","""","""","""""
"666,""VeryFile"",""https://icomarks.com/airdrop/veryfile"","""","""","""","""""
"674,""Afincoin"",""https://icomarks.com/ico/afin-coin"","""","""","""","""""
"698,""Decent.bet"",""https://icomarks.com/ico/Decent-bet"","""","""","""","""""
"746,""NWS.One"",""https://icomarks.com/ico/NWS-One"","""","""","""","""""
"748,""Ormeus"",""https://icomarks.com/ico/ormeus-coin"","""","""","""","""""
"776,""Tipbot v1"",""https://icomarks.com/ico/Tipbot"","""","""","""","""""
"791,""AZBI"",""https://icomarks.com/ico/AZBIT"","""","""","""","""""
"804,""Crypt-Oink on RAKUN Project"",""https://icomarks.com/ieo/rakun"","""","""","""","""""
"813,""dutyof.care"",""https://icomarks.com/ico/dutyof-care"","""","""","""","""""
"816,""Engineer.ai"",""https://icomarks.com/ico/Engineer-ai"","""","""","""","""""
"833,""HealthNet"",""https://icomarks.com/ico/health-coin-net"","""","""","""","""""
"863,""Nilex"",""https://icomarks.com/ico/nilex-crypto-exchange"","""","""","""","""""
"909,""VeChain"",""https://icomarks.com/ico/vechain-foundation"","""","""","""","""""
"910,""Virtonomics"",""https://icomarks.com/ico/virtonomics-preico"","""","""","""","""""
"921,""AMICORUM.LIVE"",""https://icomarks.com/ico/amicorum-live"","""","""","""","""""
"929,""Carats.io"",""https://icomarks.com/ico/Carats-IO"","""","""","""","""""
"943,""Elixir"",""https://icomarks.com/ico/elixir-platform"","""","""","""","""""
"945,""EXIMCHAIN"",""https://icomarks.com/ico/eximchain-just-priority-listing"","""","""","""","""""
"962,""Kryptopy"",""https://icomarks.com/ico/kryptopy-preico"","""","""","""","""""
"968,""Mass"",""https://icomarks.com/ico/mass-industrial-miner"","""","""","""","""""
"990,""Retail.Global"",""https://icomarks.com/ico/retail-global"","""","""","""","""""
"992,""Saat"",""https://icomarks.com/ico/saat-coin"","""","""","""","""""
"1008,""ViewChain"",""https://icomarks.com/ico/viewchain-view"","""","""","""","""""
"1030,""DeepBrain Chain"",""https://icomarks.com/ico/deeptoken-2"","""","""","""","""""
"1034,""EcoPole.farm"",""https://icomarks.com/ico/EcoPole-farm"","""","""","""","""""
"1058,""LTO Network"",""https://icomarks.com/airdrop/lto-network"","""","""","""","""""
"1061,""Mplus"",""https://icomarks.com/ico/mplus-mpl"","""","""","""","""""
"1063,""Onyx"",""https://icomarks.com/ico/onyxfutures"","""","""","""","""""
"1070,""Savior"",""https://icomarks.com/ico/savior-savi"","""","""","""","""""
"1087,""4lions.pro"",""https://icomarks.com/ico/4lionspro"","""","""","""","""""
"1088,""777.Bingo"",""https://icomarks.com/ico/777-bingo"","""","""","""","""""
"1090,""Alchemint"",""https://icomarks.com/ico/alchemint-ico"","""","""","""","""""
"1096,""Bess Coin"",""https://icomarks.com/ico/Bess"","""","""","""","""""
"1097,""BINEX.TRADE"",""https://icomarks.com/ico/binex-trade"","""","""","""","""""
"1121,""Intellectual.Network"",""https://icomarks.com/ico/intellectual-network"","""","""","""","""""
"1122,""Jarvis+"",""https://icomarks.com/ico/Jarvis"","""","""","""","""""
"1156,""VMC"",""https://icomarks.com/sto/vmc-ai"","""","""","""","""""
"1164,""Blockchain.aero"",""https://icomarks.com/ico/Blockchainaero"","""","""","""","""""
"1168,""Brewers <U+0421>oin"",""https://icomarks.com/ico/Brewers"","""","""","""","""""
"1178,""Flash"",""https://icomarks.com/ico/flash-token"","""","""","""","""""
"1183,""Hilo.io"",""https://icomarks.com/ico/Hilo-IO"","""","""","""","""""
"1186,""Loyaltychain"",""https://icomarks.com/ico/tokenloyalty"","""","""","""","""""
"1188,""Medicorum"",""https://icomarks.com/ico/medicorumcoin"","""","""","""","""""
"1196,""PAL Network"",""https://icomarks.com/ico/policypal-network"","""","""","""","""""
"1197,""Photon"",""https://icomarks.com/ico/photon-network"","""","""","""","""""
"1209,""88 Coin"",""https://icomarks.com/ico/88-coin-preico"","""","""","""","""""
"1211,""Aita.network"",""https://icomarks.com/ico/aita-network"","""","""","""","""""
"1232,""Host.Games"",""https://icomarks.com/ico/host-games"","""","""","""","""""
"1245,""Pointnity Network"",""https://icomarks.com/ico/point"","""","""","""","""""
"1252,""Starkware"",""https://icomarks.com/ico/starkware-industries"","""","""","""","""""
"1277,""Loanbyte"",""https://icomarks.com/ico/loan-bit"","""","""","""","""""
"1282,""Oyoba Inc."",""https://icomarks.com/ico/Oyoba-Inc"","""","""","""","""""
"1289,""Pyrex"",""https://icomarks.com/ico/pyrex-coin"","""","""","""","""""
"1298,""UXT"",""https://icomarks.com/ico/the-unified-exchange"","""","""","""","""""
"1336,""Witnet â€” Decentralized Oracle Network"",""https://icomarks.com/ico/witnet-decentralized-oracle-network"","""","""","""","""""
"1354,""AgreCoin (ACN)"",""https://icomarks.com/ico/agrecoin-acn"","""","""","""","""""
"1369,""Buddy"",""https://icomarks.com/ico/buddtoken"","""","""","""","""""
"1371,""Libra"",""https://icomarks.com/airdrop/libra-ecosystem"","""","""","""","""""
"1377,""Astral9"",""https://icomarks.com/ico/astral9-just-priority-listing"","""","""","""","""""
"1381,""Pre-Charge"",""https://icomarks.com/ico/precharge"","""","""","""","""""
"1395,""FAYTHE.IO"",""https://icomarks.com/ico/FAYTHE-io"","""","""","""","""""
"1402,""Vio"",""https://icomarks.com/ico/vion"","""","""","""","""""
"1417,""Charitize.click"",""https://icomarks.com/ico/charitizeclick"","""","""","""","""""
"1431,""youengine"",""https://icomarks.com/ieo/youengineieo"","""","""","""","""""
"1439,""Roobee"",""https://icomarks.com/ieo/roobee-ieo"","""","""","""","""""
"1441,""Blockchain.io"",""https://icomarks.com/ico/Blockchain-IO"","""","""","""","""""
"1449,""HEROIC.com"",""https://icomarks.com/ico/HEROIC-com"","""","""","""","""""
"1452,""QDAO DeFi  â€œDecentralized Financeâ€"",""https://icomarks.com/ico/qdao-defi"","""","""","""","""""
"1471,""Konstellation's DARC Token"",""https://icomarks.com/airdrop/konstellation"","""","""","""","""""
"1474,""MetaMorph.pro"",""https://icomarks.com/ico/MetaMorph-pro"","""","""","""","""""
"1482,""SIX.Network"",""https://icomarks.com/ico/SIX-Network"","""","""","""","""""
"1512,""Remco"",""https://icomarks.com/airdrop/remco-quiz"","""","""","""","""""
"1514,""Sparkle"",""https://icomarks.com/ico/sparkle-mobile"","""","""","""","""""
"1516,""The 4th Pillar"",""https://icomarks.com/blockchain/the-4th-pillar"","""","""","""","""""
"1535,""Beverage.cash"",""https://icomarks.com/ico/Beverage-cash"","""","""","""","""""
"1548,""BuyAnyLight (BAL)"",""https://icomarks.com/ieo/buyanylight"","""","""","""","""""
"1549,""BX.BET"",""https://icomarks.com/ico/BX-BET"","""","""","""","""""
"1550,""CargoCoin"",""https://icomarks.com/ico/cargocoin-just-priority-listing"","""","""","""","""""
"1571,""ECOSC.io"",""https://icomarks.com/ico/ECOSC-io"","""","""","""","""""
"1600,""iCasting.io"",""https://icomarks.com/ico/iCasting-IO"","""","""","""","""""
"1621,""Lynked.World"",""https://icomarks.com/ico/Lynked-World"","""","""","""","""""
"1631,""Quube.exchange"",""https://icomarks.com/ico/quube"","""","""","""","""""
"1643,""Solve.Care"",""https://icomarks.com/ico/SolveCare"","""","""","""","""""
"1652,""Tap4.Menu"",""https://icomarks.com/ico/Tap4-Menu"","""","""","""","""""
"1656,""The Abyss (DAICO)"",""https://icomarks.com/ico/The-Abyss"","""","""","""","""""
"1667,""VIHOR - Sports Challenges"",""https://icomarks.com/ico/VIHOR"","""","""","""","""""
"1692,""Ammeris"",""https://icomarks.com/ico/ammeris-platform"","""","""","""","""""
"1698,""Astrome ICO"",""https://icomarks.com/ico/Astrome"","""","""","""","""""
"1703,""BCoin.sg"",""https://icomarks.com/ico/BCoin-sg"","""","""","""","""""
"1713,""Boomstarter.Network"",""https://icomarks.com/ico/Boomstarter-Network"","""","""","""","""""
"1717,""Capverto"",""https://icomarks.com/ico/capverto-ico"","""","""","""","""""
"1731,""CZero"",""https://icomarks.com/ico/czeromobility"","""","""","""","""""
"1742,""Effect.AI"",""https://icomarks.com/ico/Effect-AI"","""","""","""","""""
"1752,""Files.fm Library"",""https://icomarks.com/ico/Files-fm-Library"","""","""","""","""""
"1782,""Invox Finance"",""https://icomarks.com/ico/invox-finance-token-sale"","""","""","""","""""
"1786,""IZX"",""https://icomarks.com/ico/izetex"","""","""","""","""""
"1790,""Jury.Online"",""https://icomarks.com/ico/JuryOnline"","""","""","""","""""
"1803,""MeconCash"",""https://icomarks.com/ico/meconcash-mch"","""","""","""","""""
"1806,""Morpheus Infrastructure Token"",""https://icomarks.com/ico/Morpheus-Infrastructure"","""","""","""","""""
"1811,""N.Exchange"",""https://icomarks.com/ico/N-Exchange"","""","""","""","""""
"1831,""PROOF OF TOSS"",""https://icomarks.com/ico/TOSS"","""","""","""","""""
"1836,""Review.Network"",""https://icomarks.com/ico/review-network-ico"","""","""","""","""""
"1841,""Selfie GO"",""https://icomarks.com/ico/selfie-go-ico"","""","""","""","""""
"1863,""Travala"",""https://icomarks.com/ico/travala-com"","""","""","""","""""
"1868,""ubiatarplay.io"",""https://icomarks.com/ico/ubiatarplay-IO"","""","""","""","""""
"1897,""Zetanet: Blockchain 5.0 Project"",""https://icomarks.com/ico/zetanet-blockchain-50"","""","""","""","""""
"1902,""aGifttoken Stage I"",""https://icomarks.com/ico/agifttoken"","""","""","""","""""
"1905,""Arium 2.0"",""https://icomarks.com/ico/Arium-2-0"","""","""","""","""""
"1914,""Bitwin 2.0"",""https://icomarks.com/ico/bitwin-2-0"","""","""","""","""""
"1917,""BlooCYS"",""https://icomarks.com/ico/bloocys-experts-at-your-fingertips"","""","""","""","""""
"1924,""CHERR.IO"",""https://icomarks.com/ico/CHERR-IO"","""","""","""","""""
"1926,""Coin Analyst"",""https://icomarks.com/ieo/coinanalyst-tech"","""","""","""","""""
"1932,""Crypto Circle eXchange"",""https://icomarks.com/ico/crypto-circle-x"","""","""","""","""""
"1964,""GSC Platform"",""https://icomarks.com/ico/gsc-aviation"","""","""","""","""""
"1991,""Muusic"",""https://icomarks.com/ico/muusic-coin"","""","""","""","""""
"1994,""NHCT"",""https://icomarks.com/ico/nhct1538060677"","""","""","""","""""
"2005,""PROT"",""https://icomarks.com/ico/protex"","""","""","""","""""
"2012,""Sidera"",""https://icomarks.com/ico/sidera-blockchain-technologies"","""","""","""","""""
"2015,""Stips"",""https://icomarks.com/blockchain/stips"","""","""","""","""""
"2029,""Viola.AI"",""https://icomarks.com/ico/Viola-AI"","""","""","""","""""
"2042,""AIO.Community"",""https://icomarks.com/ico/AIO-Community"","""","""","""","""""
"2055,""Block-Chain.com"",""https://icomarks.com/ico/block-chain"","""","""","""","""""
"2056,""blocksquare.io"",""https://icomarks.com/ico/blocksquareio"","""","""","""","""""
"2064,""Bytus"",""https://icomarks.com/blockchain/bytus"","""","""","""","""""
"2069,""Clash&GO"",""https://icomarks.com/ico/clash-amp-go"","""","""","""","""""
"2080,""CryptoBnB"",""https://icomarks.com/ico/crypto-bnb"","""","""","""","""""
"2085,""DEEP AERO"",""https://icomarks.com/ico/deep-aero-just-priority-listing"","""","""","""","""""
"2096,""Everest"",""https://icomarks.com/ico/everest1537272292"","""","""","""","""""
"2104,""Gaia"",""https://icomarks.com/airdrop/gaia-world-unilayer-holders-airdrop-31st-oct"","""","""","""","""""
"2122,""Karatgold Coin (KBC)"",""https://icomarks.com/ico/karatgold-coin"","""","""","""","""""
"2136,""LoveBlock.one"",""https://icomarks.com/ico/LoveBlock-one"","""","""","""","""""
"2142,""MOBILINK-COIN"",""https://icomarks.com/ico/mobilinkcoin"","""","""","""","""""
"2147,""Natmin"",""https://icomarks.com/ico/natmin-pure-escrow"","""","""","""","""""
"2173,""RewardMob"",""https://icomarks.com/ico/rewardmob-mobile-esports"","""","""","""","""""
"2199,""Tradove B2BCoin"",""https://icomarks.com/blockchain/tradove-b2bcoin"","""","""","""","""""
"2222,""ZeroEdge.Bet"",""https://icomarks.com/ico/ZeroEdge-Bet"","""","""","""","""""
"2248,""Caspian"",""https://icomarks.com/ico/caspian-1"","""","""","""","""""
"2249,""Chek"",""https://icomarks.com/ico/bitcheke"","""","""","""","""""
"2252,""CoinDeal"",""https://icomarks.com/airdrop/coindeal"","""","""","""","""""
"2255,""Contractium.io"",""https://icomarks.com/ico/Contractium-IO"","""","""","""","""""
"2263,""CryptoWarsOU"",""https://icomarks.com/ieo/cryptowars"","""","""","""","""""
"2273,""eHarvestHub"",""https://icomarks.com/ico/eharvesthub-1"","""","""","""","""""
"2283,""Gameflip - FLIP"",""https://icomarks.com/ico/Gameflip"","""","""","""","""""
"2287,""GoldBox.io"",""https://icomarks.com/ico/GoldBox-IO"","""","""","""","""""
"2289,""GPCC  - Global Protected Crypto Copyright"",""https://icomarks.com/ico/GPCC"","""","""","""","""""
"2312,""Market.space"",""https://icomarks.com/ico/Market-space"","""","""","""","""""
"2319,""Metabase Network"",""https://icomarks.com/ico/metabase"","""","""","""","""""
"2326,""MorCrypto Exchange"",""https://icomarks.com/ico/MorCrypto"","""","""","""","""""
"2377,""Velix.ID"",""https://icomarks.com/ico/Velix-ID"","""","""","""","""""
"2386,""AgriChain"",""https://icomarks.com/ico/agrichain1543096879"","""","""","""","""""
"2387,""Algory Project"",""https://icomarks.com/ico/algory"","""","""","""","""""
"2392,""ASOBI COIN"",""https://icomarks.com/ico/asobi"","""","""","""","""""
"2405,""Bob's Repair"",""https://icomarks.com/ico/bob-s-repair"","""","""","""","""""
"2413,""Ccecoin"",""https://icomarks.com/ico/ccecoin1541800979"","""","""","""","""""
"2429,""ELAD Network"",""https://icomarks.com/ieo/elad_network"","""","""","""","""""
"2433,""Everex"",""https://icomarks.com/blockchain/everex"","""","""","""","""""
"2444,""Grain.io"",""https://icomarks.com/ico/Grain-io"","""","""","""","""""
"2463,""LCCX - London Crypto Currency Exchange"",""https://icomarks.com/ico/lccx-london-crypto-currency-exchange"","""","""","""","""""
"2465,""LEXIT"",""https://icomarks.com/ico/lexit-the-marketplace"","""","""","""","""""
"2475,""NOMAD.space"",""https://icomarks.com/ico/NOMAD-space"","""","""","""","""""
"2502,""Sp8de"",""https://icomarks.com/blockchain/sp8de"","""","""","""","""""
"2503,""Spectre"",""https://icomarks.com/airdrop/spectrum"","""","""","""","""""
"2504,""SportGift"",""https://icomarks.com/ico/sportgift-ico"","""","""","""","""""
"2541,""Alprockz"",""https://icomarks.com/ico/rockz"","""","""","""","""""
"2550,""Baanx.com"",""https://icomarks.com/blockchain/baanx-com"","""","""","""","""""
"2572,""CRYPTO TRON"",""https://icomarks.com/ieo/crypto-tron"","""","""","""","""""
"2581,""echarge.work"",""https://icomarks.com/ico/echarge-work"","""","""","""","""""
"2584,""Empleos.io"",""https://icomarks.com/ico/Empleos-IO"","""","""","""","""""
"2600,""Hydrostandart.io"",""https://icomarks.com/ico/hydrostandart"","""","""","""","""""
"2604,""IP.Gold"",""https://icomarks.com/ico/IP-Gold"","""","""","""","""""
"2625,""Out of the Cloud"",""https://icomarks.com/ico/outofthecloud-ico"","""","""","""","""""
"2635,""Ravn's Korrax"",""https://icomarks.com/ico/ravn-s-korrax"","""","""","""","""""
"2638,""Reflexion Lounge (XRLO)"",""https://icomarks.com/ico/reflexion-lounge-xrlo"","""","""","""","""""
"2644,""Sociall"",""https://icomarks.com/ico/social"","""","""","""","""""
"2648,""SWAPS.NETWORK"",""https://icomarks.com/ieo/swapsnetwork"","""","""","""","""""
"2655,""Touchcon"",""https://icomarks.com/ico/touchcon-toc"","""","""","""","""""
"2663,""Want Marketplaces"",""https://icomarks.com/ico/wantmarketplaces"","""","""","""","""""
"2691,""BF Token"",""https://icomarks.com/ico/bnktothefuture"","""","""","""","""""
"2695,""BIT.GAME"",""https://icomarks.com/ico/BIT-GAME"","""","""","""","""""
"2696,""BitBattle.io"",""https://icomarks.com/ico/BitBattle-IO"","""","""","""","""""
"2700,""BlockCart"",""https://icomarks.com/airdrop/blockcart"","""","""","""","""""
"2709,""Bowhead Health"",""https://icomarks.com/ico/bowhead"","""","""","""","""""
"2714,""CinemaWell.com"",""https://icomarks.com/ico/CinemaWell-com"","""","""","""","""""
"2715,""Clarity"",""https://icomarks.com/ico/clarity-project"","""","""","""","""""
"2726,""crypto.tickets"",""https://icomarks.com/ico/cryptotickets"","""","""","""","""""
"2739,""ecxx.com Digital Asset Exchange"",""https://icomarks.com/ieo/ecxx"","""","""","""","""""
"2744,""EtainPower"",""https://icomarks.com/ico/etainpower-token-ico"","""","""","""","""""
"2763,""GDPR.Cash"",""https://icomarks.com/ico/GDPR-Cash"","""","""","""","""""
"2783,""iEx.ec"",""https://icomarks.com/ico/iExEC"","""","""","""","""""
"2787,""Invictus Hyperion Fund"",""https://icomarks.com/ico/Invictus"","""","""","""","""""
"2792,""Kryll.io"",""https://icomarks.com/ico/Kryll-IO"","""","""","""","""""
"2795,""Lambda"",""https://icomarks.com/ico/lambda-1"","""","""","""","""""
"2806,""MARK.SPACE"",""https://icomarks.com/ico/MARKSPACE"","""","""","""","""""
"2808,""MCO"",""https://icomarks.com/ieo/mco2-token"","""","""","""","""""
"2809,""MedK - Medical Cannabis"",""https://icomarks.com/ico/medk-medical-cannabis"","""","""","""","""""
"2810,""MenuBuzz"",""https://icomarks.com/ico/menubuzz-1"","""","""","""","""""
"2819,""Nova Mining"",""https://icomarks.com/ico/nova-miningverse"","""","""","""","""""
"2820,""Nutrilifeio OÃœ"",""https://icomarks.com/ico/nutrilife"","""","""","""","""""
"2822,""On.Live"",""https://icomarks.com/ico/on-live"","""","""","""","""""
"2834,""Puregold.io"",""https://icomarks.com/ico/Puregold-IO"","""","""","""","""""
"2836,""Quinto S.A. Sponsorship"",""https://icomarks.com/ico/quinto-s-a-sponsorship"","""","""","""","""""
"2845,""SHIFT.cash"",""https://icomarks.com/ico/SHIFT-cash"","""","""","""","""""
"2864,""Titanium Blockchain Infrastructure Services"",""https://icomarks.com/blockchain/titanium-blockchain-infrastructure-services"","""","""","""","""""
"2877,""Vinnd.io"",""https://icomarks.com/ico/Vinnd-IO"","""","""","""","""""
"2900,""Aleef"",""https://icomarks.com/ico/aleef-coin-ico"","""","""","""","""""
"2963,""DAOBet"",""https://icomarks.com/ico/daocasino"","""","""","""","""""
"2964,""Darenta"",""https://icomarks.com/ico/darenta-preico"","""","""","""","""""
"2969,""doc.ai"",""https://icomarks.com/ico/doc-AI"","""","""","""","""""
"2994,""FENIX.CASH"",""https://icomarks.com/ico/FENIX-CASH"","""","""","""","""""
"2995,""FIC"",""https://icomarks.com/ico/fic-network"","""","""","""","""""
"3020,""Greeneum"",""https://icomarks.com/ico/greeneum-network-ico"","""","""","""","""""
"3025,""HBZ coin"",""https://icomarks.com/ico/HBZ"","""","""","""","""""
"3042,""Ixir"",""https://icomarks.com/ico/ixircoin"","""","""","""","""""
"3043,""JACK TOKEN"",""https://icomarks.com/ico/doublejack-token"","""","""","""","""""
"3049,""KYC.LEGAL"",""https://icomarks.com/ico/KYC-LEGAL"","""","""","""","""""
"3054,""Liquidity.Network"",""https://icomarks.com/ico/Liquidity-Network"","""","""","""","""""
"3072,""Molecule"",""https://icomarks.com/ico/molecule-mlc"","""","""","""","""""
"3074,""Moveo"",""https://icomarks.com/ico/moveco"","""","""","""","""""
"3084,""nuco.cloud"",""https://icomarks.com/ico/nucocloud"","""","""","""","""""
"3087,""OctoBit.io"",""https://icomarks.com/ico/OctoBit-IO"","""","""","""","""""
"3090,""ORIS.Space"",""https://icomarks.com/ico/ORIS-Space"","""","""","""","""""
"3095,""Path.Network"",""https://icomarks.com/ico/Path-Network"","""","""","""","""""
"3109,""Q-City"",""https://icomarks.com/ico/q-city-1"","""","""","""","""""
"3139,""Snovian.Space"",""https://icomarks.com/ico/Snovian-Space"","""","""","""","""""
"3152,""tokens.net"",""https://icomarks.com/ico/tokensnet"","""","""","""","""""
"3166,""Uservice"",""https://icomarks.com/ico/uservice-preico"","""","""","""","""""
"3188,""Aeternum"",""https://icomarks.com/ico/aeternum-ico"","""","""","""","""""
"3189,""AIGO - Crypto Payment Solutions"",""https://icomarks.com/ico/AIGO"","""","""","""","""""
"3193,""Alt Planet"",""https://icomarks.com/ico/AltPlanet"","""","""","""","""""
"3199,""ARQUTE G.A.S."",""https://icomarks.com/ico/ARQUTE-G-A-S"","""","""","""","""""
"3206,""B.SURE"",""https://icomarks.com/ico/B-SURE"","""","""","""","""""
"3215,""Biotron.io"",""https://icomarks.com/ico/Biotron-IO"","""","""","""","""""
"3232,""Bulk Trader"",""https://icomarks.com/ico/bulk-trader-ico"","""","""","""","""""
"3264,""DAO Playmarket 2.0"",""https://icomarks.com/ico/dao-playmarket-20"","""","""","""","""""
"3304,""Giftz.io"",""https://icomarks.com/ico/GiftzIO"","""","""","""","""""
"3311,""Gominer Token"",""https://icomarks.com/ico/Gominer"","""","""","""","""""
"3312,""GoWithMi Technology PTE. LTD [GoWithMi],"",""https://icomarks.com/ico/GoWithMi"","""","""","""","""""
"3314,""Grow Token (GRWT)"",""https://icomarks.com/ico/grow-token-grwt"","""","""","""","""""
"3321,""Healthy Corporation"",""https://icomarks.com/ico/healthycoins"","""","""","""","""""
"3328,""HUNT.BET"",""https://icomarks.com/ico/HUNTBET"","""","""","""","""""
"3329,""I'm Aero"",""https://icomarks.com/ico/i-m-aero"","""","""","""","""""
"3359,""LocalCoin.is DEX"",""https://icomarks.com/airdrop/localcoin"","""","""","""","""""
"3364,""Mazzuma (MAZ)"",""https://icomarks.com/ico/mazzuma-maz"","""","""","""","""""
"3377,""n'cloud.swiss"",""https://icomarks.com/ico/n-cloud-swiss"","""","""","""","""""
"3383,""Nexty"",""https://icomarks.com/ico/nexty-coin"","""","""","""","""""
"3392,""OLXA"",""https://icomarks.com/blockchain/olxa"","""","""","""","""""
"3402,""PBC"",""https://icomarks.com/ico/parinita-bansode-coin"","""","""","""","""""
"3409,""Po.et"",""https://icomarks.com/ico/Poet"","""","""","""","""""
"3439,""SDAT EXCHANGE ICO"",""https://icomarks.com/airdrop/SDAT%20Exchange%20Class01%20Bounty"","""","""","""","""""
"3463,""Ties.Network"",""https://icomarks.com/ico/TiesNetwork"","""","""","""","""""
"3509,""ABBC"",""https://icomarks.com/ico/alibabacoin"","""","""","""","""""
"3530,""Balehu Bucks"",""https://icomarks.com/airdrop/balehu"","""","""","""","""""
"3533,""BCharity - International Charity Exchange"",""https://icomarks.com/ico/bcharity-international-charity-exchange"","""","""","""","""""
"3563,""Boliecoin"",""https://icomarks.com/ico/the-boliecoin"","""","""","""","""""
"3577,""Clairety Inc."",""https://icomarks.com/ico/clairety-inc"","""","""","""","""""
"3604,""DPLAY.GG"",""https://icomarks.com/ico/DPLAY-GG"","""","""","""","""""
"3615,""Estatecoin.fund"",""https://icomarks.com/ico/estatecoin"","""","""","""","""""
"3630,""Friend"",""https://icomarks.com/ico/friend1529618470"","""","""","""","""""
"3632,""Gameloot"",""https://icomarks.com/ico/game-loot-network"","""","""","""","""""
"3658,""iCod Identity"",""https://icomarks.com/ico/icod"","""","""","""","""""
"3659,""IG-Crypto Holding"",""https://icomarks.com/ico/ig-crypto"","""","""","""","""""
"3665,""IPS"",""https://icomarks.com/ico/ips-token"","""","""","""","""""
"3720,""Oryx Token"",""https://icomarks.com/ico/oryx"","""","""","""","""""
"3721,""OSA Decentralized"",""https://icomarks.com/ico/OSA"","""","""","""","""""
"3745,""Rentaway"",""https://icomarks.com/ico/www-rentaway-com"","""","""","""","""""
"3753,""Shipowner.io"",""https://icomarks.com/ico/Shipowner-IO"","""","""","""","""""
"3772,""SuperPay.vip"",""https://icomarks.com/ico/SuperPay-vip"","""","""","""","""""
"3774,""SURETY.AI"",""https://icomarks.com/ico/SURETY-AI"","""","""","""","""""
"3778,""Telegram Open Network"",""https://icomarks.com/blockchain/telegram-open-network"","""","""","""","""""
"3856,""Bit.team Market Place"",""https://icomarks.com/ico/Bit-team-Market-Place"","""","""","""","""""
"3870,""C3C.Network"",""https://icomarks.com/ico/C3C-Network"","""","""","""","""""
"3871,""Carbon Grid Protocol"",""https://icomarks.com/ico/new-era-energy"","""","""","""","""""
"3877,""Chynge.net"",""https://icomarks.com/ico/Chynge-net"","""","""","""","""""
"3881,""Cofound.it"",""https://icomarks.com/ico/CofoundIT"","""","""","""","""""
"3890,""Cryptassist"",""https://icomarks.com/blockchain/cryptassist"","""","""","""","""""
"3908,""Develop[crypto]"",""https://icomarks.com/ico/develop-crypto"","""","""","""","""""
"3929,""Gapi Coin"",""https://icomarks.com/ico/gapi-coin-gp"","""","""","""","""""
"3934,""Gem4me Market Space"",""https://icomarks.com/ico/marketspace"","""","""","""","""""
"3935,""Genevieve VC"",""https://icomarks.com/blockchain/genevieve-vc"","""","""","""","""""
"3941,""Grow & Mine"",""https://icomarks.com/ico/grow-amp-mine"","""","""","""","""""
"3962,""KC Bank"",""https://icomarks.com/ico/karatcoin-bank"","""","""","""","""""
"3980,""Mijn Vastgoed"",""https://icomarks.com/ico/mijn-vastgoed-dutch-real-estate"","""","""","""","""""
"3992,""NGS (NEW GENERATION SECURITY)"",""https://icomarks.com/ico/ngs-new-generation-security"","""","""","""","""""
"3997,""onG.social"",""https://icomarks.com/ico/ongsocial"","""","""","""","""""
"4011,""REANIMATOR"",""https://icomarks.com/blockchain/reanimator"","""","""","""","""""
"4016,""R_Block"",""https://icomarks.com/ico/rblock"","""","""","""","""""
"4053,""TWQ Token"",""https://icomarks.com/ieo/TWQToken"","""","""","""","""""
"4070,""VTradeExchange OÃœ"",""https://icomarks.com/ico/vtrade"","""","""","""","""""
"4092,""AMPLE! Coin"",""https://icomarks.com/ico/ample-coin"","""","""","""","""""
"4107,""BitWorld"",""https://icomarks.com/ico/bit-world-exchange"","""","""","""","""""
"4142,""DANS"",""https://icomarks.com/ico/dans-decentralised-advertising-network-service"","""","""","""","""""
"4171,""Feelium"",""https://icomarks.com/ico/feelium-coin"","""","""","""","""""
"4206,""JoinGrowth"",""https://icomarks.com/ico/joingrowth-network"","""","""","""","""""
"4245,""Notarchain-es"",""https://icomarks.com/ico/notarchain-es"","""","""","""","""""
"4246,""Nuvus-io"",""https://icomarks.com/ico/Nuvus-IO"","""","""","""","""""
"4265,""Qilin-Market"",""https://icomarks.com/ico/qilinmarket"","""","""","""","""""
"4269,""Re:Factor"",""https://icomarks.com/ico/re-factor"","""","""","""","""""
"4278,""Run2Play - The Blockchain Fitness Platform"",""https://icomarks.com/ico/run2play-the-blockchain-fitness-platform"","""","""","""","""""
"4282,""Shark Trade"",""https://icomarks.com/airdrop/shark-trade"","""","""","""","""""
"4288,""SocialMedia-Market"",""https://icomarks.com/blockchain/socialmedia-market"","""","""","""","""""
"4296,""STeX"",""https://icomarks.com/ico/stex-1"","""","""","""","""""
"4304,""SYN LEDGER"",""https://icomarks.com/ieo/syn-ledger-IEO"","""","""","""","""""
"4311,""Thor"",""https://icomarks.com/ico/thor-token"","""","""","""","""""
"4316,""TradeTEX"",""https://icomarks.com/ico/tradetex-exchange"","""","""","""","""""
"4319,""TrustED"",""https://icomarks.com/ico/trusted1542578417"","""","""","""","""""
"4325,""UZYTH ECOSYSTEm"",""https://icomarks.com/ieo/uzyth-ecosytem"","""","""","""","""""
"4332,""Vital"",""https://icomarks.com/ico/vital-neuro-inc"","""","""","""","""""
"4424,""Game.com"",""https://icomarks.com/ico/gamecom"","""","""","""","""""
"4436,""Hedge-pro"",""https://icomarks.com/ico/hedge-pro"","""","""","""","""""
"4447,""Incremint-io"",""https://icomarks.com/ico/Incremint-IO"","""","""","""","""""
"4465,""Lydian"",""https://icomarks.com/ico/lydian-preico"","""","""","""","""""
"4468,""MASS-cloud"",""https://icomarks.com/blockchain/mass-cloud"","""","""","""","""""
"4477,""Nami-Trade"",""https://icomarks.com/ico/nami-trade"","""","""","""","""""
"4488,""P2PEP"",""https://icomarks.com/ico/https-p2pep-com"","""","""","""","""""
"4573,""Alfa"",""https://icomarks.com/ico/alfa-coin"","""","""","""","""""
"4631,""dock-io"",""https://icomarks.com/ico/dock-io"","""","""","""","""""
"4638,""Electrify-Asia"",""https://icomarks.com/ico/electrify-asia"","""","""","""","""""
"4640,""EOSex"",""https://icomarks.com/ico/eosex1539900255"","""","""","""","""""
"4654,""Genuine Fashion"",""https://icomarks.com/ico/genuine-fashion-token "","""","""","""","""""
"4673,""Lancor Scientific"",""https://icomarks.com/ico/lancor"","""","""","""","""""
"4749,""Talenter"",""https://icomarks.com/ico/talenter-preico"","""","""","""","""""
"4769,""YuTu-Coin"",""https://icomarks.com/ico/yutu-co-in"","""","""","""","""""
"4782,""B-mail"",""https://icomarks.com/ico/blockchain-e-mail-token"","""","""","""","""""
"4783,""BaapPay"",""https://icomarks.com/ico/baappay-1"","""","""","""","""""
"4795,""BlockGame"",""https://icomarks.com/ico/blockgame_ico"","""","""","""","""""
"4807,""Cryptotask"",""https://icomarks.com/ico/crypto-task"","""","""","""","""""
"4849,""KAASY-AI"",""https://icomarks.com/ico/kaasy-ai"","""","""","""","""""
"4857,""McFly-aero"",""https://icomarks.com/ico/mcflyaero"","""","""","""","""""
"4875,""OID  - Opioid Token"",""https://icomarks.com/ico/oid-opioid-token"","""","""","""","""""
"4893,""Rialto-AI"",""https://icomarks.com/ico/rialtoai"","""","""","""","""""
"4906,""Stubba"",""https://icomarks.com/ico/stubba-preico"","""","""","""","""""
"4916,""traceto-io"",""https://icomarks.com/ico/traceto-io"","""","""","""","""""
"4942,""AlkebulanCash (One Africa Cryptocurrency)"",""https://icomarks.com/ico/alkebulancash-one-africa-cryptocurrency"","""","""","""","""""
"4974,""ELPIS"",""https://icomarks.com/ico/elpis-preico"","""","""","""","""""
"4988,""Harapan"",""https://icomarks.com/ico/harapan-coin"","""","""","""","""""
"4990,""IBFS-world"",""https://icomarks.com/ico/ibfs-world"","""","""","""","""""
"4995,""Indigodma"",""https://icomarks.com/ico/indigo-dma"","""","""","""","""""
"5029,""SafeStart"",""https://icomarks.com/ico/safestart-token"","""","""","""","""""
"5048,""TTCoin"",""https://icomarks.com/ico/tongtongcoin"","""","""","""","""""
"5064,""algo-land"",""https://icomarks.com/sto/algotrading"","""","""","""","""""
"5076,""cannabisfarm-io"",""https://icomarks.com/ico/cannabisfarm-io"","""","""","""","""""
"5086,""dueltoken-io"",""https://icomarks.com/ico/dueltoken-io"","""","""","""","""""
"5093,""Ethereum-link"",""https://icomarks.com/ico/ethereumlink"","""","""","""","""""
"5108,""Lendium-tech"",""https://icomarks.com/ico/lendium-tech"","""","""","""","""""
"5174,""bmy-guide"",""https://icomarks.com/ico/bmybit"","""","""","""","""""
"5184,""DOX-NETWORK"",""https://icomarks.com/ico/dox-network"","""","""","""","""""
"5187,""EtherJack-io"",""https://icomarks.com/ico/etherjack-io"","""","""","""","""""
"5204,""Pontem Inc-"",""https://icomarks.com/ico/pontem-inc"","""","""","""","""""
"5209,""sexService-io"",""https://icomarks.com/blockchain/sexservice-io"","""","""","""","""""
"5212,""Skye Properties"",""https://icomarks.com/ico/skye-properties1510843387"","""","""","""","""""
"5216,""Stocks-Bet"",""https://icomarks.com/ico/stocks-bet"","""","""","""","""""
"5256,""folio-ninja"",""https://icomarks.com/ico/folioninja"","""","""","""","""""
"5258,""FSBT API Token"",""https://icomarks.com/blockchain/forty-seven-bank"","""","""","""","""""
"5302,""EXXO"",""https://icomarks.com/ico/exxo-exchange"","""","""","""","""""
"5340,""Habricks"",""https://icomarks.com/ico/habricks-coin"","""","""","""","""""
"5427,""Swiftex Exchange"",""https://icomarks.com/ico/swiftex"","""","""","""","""""
"5432,""BITFINEX"",""https://icomarks.com/ieo/bitfinex1558216862"","""","""","""","""""
"5455,""XCon"",""https://icomarks.com/ico/connect-coin1543874466"","""","""","""","""""
"5467,""Matic"",""https://icomarks.com/ico/matic-launchpad"","""","""","""","""""
"5476,""LOLTOKEN BY EIU-AC"",""https://icomarks.com/ieo/loltoken-by-eiuac"","""","""","""","""""
"5483,""Poseidon"",""https://icomarks.com/ico/poseidon-foundation"","""","""","""","""""
"5509,""Nitro platform token"",""https://icomarks.com/blockchain/nitro-platform-token"","""","""","""","""""
"5520,""Ten Billion Coin IEO"",""https://icomarks.com/ieo/ten-billion-coin"","""","""","""","""""
"5543,""PDATA"",""https://icomarks.com/ieo/personal-data-democracy"","""","""","""","""""
"5550,""idap-io"",""https://icomarks.com/ieo/idap-io"","""","""","""","""""
"5563,""H&B Exchange Token"",""https://icomarks.com/ieo/hb-exchange-token"","""","""","""","""""
"5589,""Global Crypto Alliance"",""https://icomarks.com/ieo/gca"","""","""","""","""""
"5596,""K-im"",""https://icomarks.com/ico/kim"","""","""","""","""""
"5607,""Kuverit"",""https://icomarks.com/airdrop/kuverit"","""","""","""","""""
"5615,""Azuma Games"",""https://icomarks.com/ico/Azuma-Games"","""","""","""","""""
"5625,""Adrenaline"",""https://icomarks.com/ieo/adrenaline-ai"","""","""","""","""""
"5642,""Blackpearl"",""https://icomarks.com/ieo/blackpearlchain"","""","""","""","""""
"5732,""KODAK One"",""https://icomarks.com/ico/kodakone"","""","""","""","""""
"5745,""Lightning Cash"",""https://icomarks.com/ico/lnch-lightning-cash"","""","""","""","""""
"5754,""Flyp-me"",""https://icomarks.com/ico/flypme"","""","""","""","""""
"5755,""Bugu"",""https://icomarks.com/ico/httpstmebugunetwork"","""","""","""","""""
"5757,""The UXM"",""https://icomarks.com/blockchain/the-uxM"","""","""","""","""""
"5758,""Gramaton"",""https://icomarks.com/sto/gramaton-token"","""","""","""","""""
"5770,""Krypti-io"",""https://icomarks.com/ico/krypti-io"","""","""","""","""""
"5771,""UNCHAINET"",""https://icomarks.com/sto/unet"","""","""","""","""""
"5826,""Crypto Cash (Cipher Core token)"",""https://icomarks.com/ieo/crypto-cash-cipher-core-token"","""","""","""","""""
"5830,""Respawn Cyber Club"",""https://icomarks.com/ico/cube-1"","""","""","""","""""
"5840,""EasyFeedback Token"",""https://icomarks.com/ico/easy-feedback-token"","""","""","""","""""
"5895,""MoneyMaking AI"",""https://icomarks.com/ico/moneymaking"","""","""","""","""""
"5918,""Liber T token"",""https://icomarks.com/ico/liberttoken"","""","""","""","""""
"5922,""Vivo Capital"",""https://icomarks.com/ico/vivocapital"","""","""","""","""""
"5949,""OkGlobal"",""https://icomarks.com/ico/okglobal-coin-switch"","""","""","""","""""
"5954,""Devil?s Dragon"",""https://icomarks.com/ico/devils-dragon"","""","""","""","""""
"5962,""SableAssent"",""https://icomarks.com/ieo/sable-coin"","""","""","""","""""
"5967,""Hey, Be Well"",""https://icomarks.com/ico/hey-be-well"","""","""","""","""""
"5972,""Jun “M” Coin"",""https://icomarks.com/ieo/jun-034m034-coin"","""","""","""","""""
"5980,""CryptoDaily Token"",""https://icomarks.com/ieo/the-crdt-project"","""","""","""","""""
"5983,""eden-best"",""https://icomarks.com/ico/edenbest"","""","""","""","""""
"6001,""MediaRich-io"",""https://icomarks.com/ieo/mediarich-io"","""","""","""","""""
"6002,""NETZ"",""https://icomarks.com/sto/netzero"","""","""","""","""""
"6069,""SatoDefi"",""https://icomarks.com/airdrop/sato-defi"","""","""","""","""""
"6092,""Barter Smartplace"",""https://icomarks.com/ieo/barter-smarplace"","""","""","""","""""
"6141,""YearnClassic-Finance"",""https://icomarks.com/ico/yearnclassicfinance"","""","""","""","""""
"6143,""Creditor Data Platform"",""https://icomarks.com/ico/creditor"","""","""","""","""""
"6159,""Netcurrencyindex"",""https://icomarks.com/ieo/netcurrencyindexIEO"","""","""","""","""""
"6163,""Weave"",""https://icomarks.com/ico/arweave"","""","""","""","""""
"6166,""Nano Mining Token"",""https://icomarks.com/ico/nano-mining-token-ico"","""","""","""","""""
"6177,""Render Token"",""https://icomarks.com/ico/render-token-rndr"","""","""","""","""""
"6188,""BullionsChain"",""https://icomarks.com/airdrop/bullionschainairdrop"","""","""","""","""""
"6198,""Topl"",""https://icomarks.com/ico/toplancer"","""","""","""","""""
"6205,""CFX Quantum"",""https://icomarks.com/ieo/cfx-quantumIEO"","""","""","""","""""
"6258,""StableCoins by Platinum Q DAO Engineering"",""https://icomarks.com/ieo/q-dao"","""","""","""","""""
"6269,""Walnut Ventures"",""https://icomarks.com/ico/ito-assendelft"","""","""","""","""""
"6285,""Sonata-ai"",""https://icomarks.com/sto/sonata-ai"","""","""","""","""""
"6288,""MySafeHouse"",""https://icomarks.com/ico/mysafehouse-msw"","""","""","""","""""
"6328,""SharkTrade"",""https://icomarks.com/airdrop/shark-trade"","""","""","""","""""
"6332,""Pinect"",""https://icomarks.com/ico/youtopin"","""","""","""","""""
"6346,""MiL-K"",""https://icomarks.com/ico/milk"","""","""","""","""""
"6393,""MetaGame"",""https://icomarks.com/ico/metagame1"","""","""","""","""""
"6408,""WealthSharingSystems (ETHWSS)"",""https://icomarks.com/ico/wealthsharingsystems-ethwss"","""","""","""","""""
"6412,""Global DeFi"",""https://icomarks.com/ico/global-defi-platform"","""","""","""","""""
"6415,""Prinz"",""https://icomarks.com/ico/prinzfinance"","""","""","""","""""
